source1_entity_id	missed_target_id
S1-319115221	S3-427446097
S1-670990498	S3-45151632
S1-431484917	S2-622364440
S1-546057041	S2-576529324
S1-863266465	S3-586893979
S1-565832520	S2-141292660
S1-63345068	S2-12126122
S1-224609458	S2-804466282
S1-373797463	S2-312722498
S1-273235358	S2-507769716
S1-366567209	S2-146329170
S1-717267489	S3-550912283
S1-117618477	S3-286818548
S1-467818411	S3-59141830
S1-290948770	S2-371432643
S1-328430353	S2-292010499
S1-300476152	S3-443920763
S1-217859842	S3-604609963
S1-111582570	S2-702155215
S1-257446515	S3-49370363
S1-373761226	S3-348658626
S1-524787895	S3-490106972
S1-961473206	S2-564515961
S1-976334171	S2-225266961
S1-803653039	S3-547901768
S1-849664549	S3-779182330
S1-273233833	S2-454077168
S1-737879768	S3-688365313
S1-684486769	S3-638250401
S1-305668480	S2-21736878
S1-12357485	S2-220244822
S1-496434660	S2-898614824
S1-204662383	S3-210239256
S1-797946163	S3-731486261
S1-31620883	S3-567404866
S1-61061281	S3-660290276
S1-741794047	S3-173753683
S1-690884747	S3-682571291
S1-509150584	S3-489153588
S1-97557117	S3-946424071
S1-976610010	S2-292362483
S1-386106749	S3-748205540
S1-563514551	S2-49980754
S1-534100365	S2-613903051
S1-692563308	S2-490231714
S1-7328677	S3-943722009
S1-367128781	S3-989133284
S1-448210803	S3-568873672
S1-89715352	S2-6220394
S1-978776517	S2-269638265
S1-69953196	S3-365246515
S1-770720633	S3-14892158
S1-441787925	S3-620484810
S1-331023482	S3-896911172
S1-650620664	S3-154366503
S1-468940469	S3-315031744
S1-623147531	S2-464678877
S1-773738691	S3-12325181
S1-843617479	S2-252772739
S1-21930395	S3-720537245
S1-639350706	S3-444604190
S1-422076736	S3-535533875
S1-262362800	S3-505324635
S1-370347108	S3-177205198
S1-78381776	S3-145507168
S1-90130305	S2-299189971
S1-946599955	S2-482738380
S1-314909841	S3-616207427
S1-633156008	S2-887749955
S1-504308208	S2-659855018
S1-142024746	S2-160656714
S1-401054714	S3-769177192
S1-876930907	S2-463592319
S1-498286365	S3-488615827
S1-999240541	S2-388432085
S1-966568332	S2-430672851
S1-958525502	S3-232191878
S1-640155111	S2-712307731
S1-70554346	S2-158780462
S1-332215583	S2-495276790
S1-866713832	S3-560519823
S1-186300615	S2-973257454
S1-424802930	S2-534627378
S1-951973693	S2-550929057
S1-706584389	S3-633985690
S1-220837398	S2-877612916
S1-563759946	S2-517816779
S1-913564757	S3-941034986
S1-598551035	S2-190014172
S1-606626468	S3-302684828
S1-549117910	S3-530372097
S1-599613047	S3-866689510
S1-600891007	S3-626080319
S1-939181589	S2-183185972
S1-360588070	S3-139604484
S1-878395021	S3-155591701
S1-6864444	S2-788823215
S1-596685605	S2-684273559
S1-661592356	S2-639153477
S1-127501808	S2-404158250
S1-505649839	S2-988020446
S1-319259946	S3-587435969
S1-5296867	S3-449133092
S1-836928769	S3-366014612
S1-539196543	S2-916944187
S1-566918223	S3-496487294
S1-730868114	S3-444793958
S1-119197700	S3-720273436
S1-981671211	S3-420984937
S1-510752526	S2-306822668
S1-708977021	S3-544356371
S1-56187202	S2-841041733
S1-888072640	S2-229294803
S1-529585905	S2-980352227
S1-758553994	S2-640517158
S1-697619977	S2-553948392
S1-438221029	S3-208336852
S1-874534993	S3-301690808
S1-225812307	S2-20743337
S1-282590425	S2-45208913
S1-572812016	S2-206011619
S1-491963030	S3-690038618
S1-865274858	S3-379657120
S1-925780873	S2-181008522
S1-932669488	S3-164007843
S1-518605215	S3-726385115
S1-46936631	S3-918934537
S1-501595389	S3-11063579
S1-988810852	S3-960676818
S1-762314482	S3-748989973
S1-855948787	S3-930378813
S1-858116143	S2-984120432
S1-703784130	S2-101705970
S1-834086996	S3-647747360
S1-771353695	S2-708460054
S1-785229368	S2-985037057
S1-126394603	S3-658948716
S1-801399231	S2-64733910
S1-727395050	S3-769754923
S1-312926558	S2-496146507
S1-346358428	S3-399494605
S1-831308735	S2-343762280
S1-373392970	S3-188422698
S1-174018647	S3-352832073
S1-628977626	S2-934100130
S1-291373679	S3-802947995
S1-671932072	S3-718588009
S1-143901852	S3-321016581
S1-617149082	S2-834025012
S1-904275931	S2-26760677
S1-244561947	S2-670816742
S1-695690245	S3-440308269
S1-201093943	S3-653502599
S1-962922390	S3-686600103
S1-528840259	S3-645367775
S1-566848867	S3-712080853
S1-803713026	S3-617705443
S1-477515115	S2-391467862
S1-79523328	S3-521998470
S1-345124160	S2-681229867
S1-724628638	S2-969077308
S1-158181872	S2-697662931
S1-325530826	S2-671198088
S1-846717880	S3-169541056
S1-298983053	S3-749289106
S1-52628693	S2-361435958
S1-420919123	S2-767151930
S1-997007543	S3-285111532
S1-874212473	S2-873603448
S1-584403451	S3-175805072
S1-568204440	S2-289292547
S1-709721659	S2-973145537
S1-396099074	S3-135267786
S1-366904620	S3-195713325
S1-497482968	S2-39283178
S1-998185816	S3-216026435
S1-746628765	S2-891233622
S1-101006996	S3-488914643
S1-102966447	S3-73857075
S1-168023229	S3-30531787
S1-98992402	S2-287115915
S1-924289432	S3-415328280
S1-563514551	S3-565083006
S1-196054265	S3-35720000
S1-299025468	S3-993602953
S1-458896754	S3-502724755
S1-722229209	S3-245915118
S1-258084760	S2-416080168
S1-484356107	S3-342868537
S1-781519624	S3-395621992
S1-203982372	S2-430001873
S1-409450766	S2-648826417
S1-649727924	S3-947513316
S1-831610970	S2-799645349
S1-915565911	S2-259968546
S1-227021776	S2-759532462
S1-590628232	S3-51985613
S1-608190549	S3-66209379
S1-581785226	S3-428835945
S1-748400535	S2-391426478
S1-271820012	S2-359844097
S1-849664549	S3-670576248
S1-336226227	S3-748915577
S1-538972297	S2-391512571
S1-998958364	S3-266558931
S1-53381175	S3-433244380
S1-343313642	S3-499427509
S1-878522948	S2-924121465
S1-537553651	S2-798786208
S1-500523362	S2-878506015
S1-828207320	S3-216982871
S1-923894566	S3-985080345
S1-956654950	S3-360449435
S1-866160777	S2-269761793
S1-477960810	S3-417102633
S1-348519847	S2-416058704
S1-731795708	S3-679857365
S1-902638467	S2-513089969
S1-367758406	S2-920773435
S1-849639604	S3-564682954
S1-12821483	S3-277778490
S1-29179221	S2-100228530
S1-719767860	S2-896669007
S1-633105695	S3-787025725
S1-811056416	S2-570824078
S1-7335411	S3-531902772
S1-417787064	S2-893751029
S1-223081015	S2-815992171
S1-994836725	S2-77250948
S1-341407638	S3-765714557
S1-423748638	S3-188559328
S1-109206021	S2-1686554
S1-73822497	S3-839093691
S1-179894038	S2-628018045
S1-50438188	S3-995015930
S1-977395913	S3-814484447
S1-340132183	S2-813753130
S1-996158138	S2-448784806
S1-971887261	S3-16756680
S1-482135225	S3-412497232
S1-281720459	S2-312110189
S1-942905699	S2-568234053
S1-578052676	S3-514136112
S1-266605342	S2-20197112
S1-212595488	S3-579538909
S1-486992225	S3-87747021
S1-554536387	S2-770038432
S1-76637527	S3-183025392
S1-258916487	S2-743253600
S1-13672336	S3-947085003
S1-107876308	S3-654356384
S1-906371754	S3-70144493
S1-627575858	S3-128869112
S1-746491928	S2-868865210
S1-310054866	S2-653654026
S1-201562238	S3-521407136
S1-79455169	S2-302594228
S1-264398628	S3-393147077
S1-730074963	S3-728702025
S1-14739866	S2-288668122
S1-415483272	S2-983973511
S1-746568201	S2-417712683
S1-261298714	S2-912807271
S1-96099187	S2-875460753
S1-740293156	S2-843009372
S1-451095206	S2-890750092
S1-708848568	S2-714140996
S1-206805004	S2-892745714
S1-446922788	S2-649254844
S1-723386990	S2-684865814
S1-435135446	S2-387740694
S1-510815479	S2-975984680
S1-670703108	S2-607659862
S1-713833186	S3-229796577
S1-964461182	S2-193181438
S1-644306228	S2-408307919
S1-609019645	S2-224581721
S1-884647700	S2-289683697
S1-908650717	S2-873988201
S1-861398733	S3-281374007
S1-675778890	S2-424338225
S1-924519004	S2-608393824
S1-559319978	S3-402652899
S1-987898179	S3-824829928
S1-413146450	S3-387362633
S1-211935955	S2-4160066
S1-479665898	S2-333641953
S1-170138166	S2-112520402
S1-529513488	S3-471937496
S1-214425181	S3-698127699
S1-388602254	S2-835174446
S1-376573457	S2-661677880
S1-222652140	S3-107723928
S1-767375180	S3-881023080
S1-900940351	S3-822314203
S1-456733442	S2-312825655
S1-536492460	S3-907924819
S1-411645733	S3-177083412
S1-406159876	S3-252774281
S1-79980411	S3-838129802
S1-756373186	S3-297050391
S1-360311511	S3-713512285
S1-104206770	S2-765376459
S1-931991461	S2-652972413
S1-340418809	S2-795650141
S1-635561377	S3-447270827
S1-373636798	S2-755486273
S1-379826137	S2-692548728
S1-355554430	S2-491265524
S1-163173693	S3-890818820
S1-341548807	S3-966997461
S1-163838252	S2-118818070
S1-228549460	S3-50280876
S1-743235738	S2-712821871
S1-852241409	S3-64651095
S1-868961520	S3-868879233
S1-51714260	S2-61445280
S1-375273943	S2-350336422
S1-920482633	S2-884268911
S1-408481550	S2-578801346
S1-979485495	S2-735272922
S1-908650717	S2-960288252
S1-418477059	S3-363628226
S1-573866637	S2-189522312
S1-732638741	S2-604337931
S1-538845242	S2-639095271
S1-671239965	S2-991558210
S1-676065491	S2-354158544
S1-529418021	S3-615121930
S1-397557001	S2-494281753
S1-840528455	S2-95944885
S1-507610229	S2-442912855
S1-146356210	S3-414748434
S1-31525301	S3-893991963
S1-688978759	S3-121112504
S1-744545844	S2-189470206
S1-937331608	S2-344555297
S1-117718243	S2-747328542
S1-308530309	S3-380577603
S1-698790038	S2-349829567
S1-707925503	S3-191505626
S1-642344280	S2-157678836
S1-194783902	S3-25238819
S1-246004702	S2-96450013
S1-94455537	S2-663929363
S1-810056240	S2-436654120
S1-718254510	S3-780390363
S1-35721350	S2-130516622
S1-288195821	S3-583816308
S1-490653274	S2-785640276
S1-22070373	S2-91623058
S1-238016600	S3-162283987
S1-953091953	S3-529468803
S1-209779876	S2-327554462
S1-125599597	S2-655887130
S1-93359993	S2-250075078
S1-542687067	S2-234147104
S1-933115808	S2-372315637
S1-72150077	S2-307608203
S1-462530511	S3-820212508
S1-765868240	S2-272760258
S1-190940009	S3-171120994
S1-89861463	S2-316017192
S1-365470254	S2-525579428
S1-117147868	S2-91333313
S1-830244584	S3-233037951
S1-195329466	S3-619755937
S1-207307689	S3-524851091
S1-326222909	S3-419274219
S1-937886845	S3-641606348
S1-820662690	S3-571282312
S1-422807932	S3-103586351
S1-890203053	S2-684316212
S1-883092094	S2-589066831
S1-303341596	S2-845804411
S1-916707409	S3-17323233
S1-11078894	S2-834805280
S1-331633807	S3-405422620
S1-744416839	S3-858377178
S1-936189769	S2-639341345
S1-288285212	S3-846558245
S1-332215583	S3-975475622
S1-771149464	S2-590446369
S1-814557379	S3-653380762
S1-984540731	S3-255959672
S1-486266602	S3-55946154
S1-214683883	S3-280153996
S1-365337962	S2-130214886
S1-86444256	S3-544906543
S1-485493328	S2-899222049
S1-271358062	S3-816578144
S1-140878201	S3-12705426
S1-715008760	S2-642967899
S1-154379030	S2-134721063
S1-131494084	S3-942514066
S1-186918106	S2-532917847
S1-554698644	S2-87779694
S1-356179296	S3-605021307
S1-432709901	S3-908313333
S1-414239758	S3-346875755
S1-586729165	S3-363893539
S1-717463078	S2-319443183
S1-771911725	S2-719955892
S1-741522637	S3-650811950
S1-101749027	S3-175597246
S1-458045233	S2-626159227
S1-220903790	S2-872961452
S1-510095220	S3-275465382
S1-988421191	S3-913956010
S1-855081333	S3-782681980
S1-389379154	S3-113798684
S1-794726235	S2-976334417
S1-976129724	S2-974020691
S1-588825698	S3-253023868
S1-498733034	S3-333696802
S1-437152393	S3-735770376
S1-792375497	S2-349435071
S1-372593941	S2-100300853
S1-957797239	S3-130656252
S1-904602157	S3-691023605
S1-943280555	S3-788564533
S1-12686616	S3-195986207
S1-700743590	S3-175033035
S1-29645019	S3-450823626
S1-927155160	S2-246436194
S1-906959732	S2-586743138
S1-934461604	S2-967876765
S1-725181298	S3-470714177
S1-410984964	S3-289750758
S1-637321362	S2-138919526
S1-9058329	S3-256505507
S1-180055124	S3-909287033
S1-611848031	S3-153666623
S1-522157789	S3-126344748
S1-331337525	S2-582035760
S1-985887361	S3-811217373
S1-398618908	S3-429521922
S1-256538308	S2-75304196
S1-702482218	S3-9886643
S1-585548793	S2-467029220
S1-269224474	S3-699286746
S1-878531629	S3-635274748
S1-466707752	S3-739745278
S1-14509291	S3-893693272
S1-464107679	S2-77228603
S1-299480158	S3-107127971
S1-594398432	S3-475659317
S1-479271554	S2-987493767
S1-504115685	S2-428223650
S1-30702100	S3-223492943
S1-805743731	S3-780505650
S1-437603430	S3-899461302
S1-869602122	S2-166144964
S1-145009430	S2-626153850
S1-298562680	S3-41759893
S1-669290114	S3-588848467
S1-403214989	S2-928247760
S1-679958204	S3-547334314
S1-378647023	S3-437766710
S1-646394425	S2-950096966
S1-440925287	S3-365263895
S1-283164329	S2-64557139
S1-221359096	S3-89106512
S1-700204698	S2-190165365
S1-953449163	S3-865937714
S1-923894566	S3-227710423
S1-99763334	S3-947367403
S1-168196840	S2-835467338
S1-768628235	S3-435332624
S1-812847957	S2-775016936
S1-350533497	S2-500868751
S1-932652432	S2-380311760
S1-92148109	S2-5864526
S1-978340816	S2-718863857
S1-67923667	S3-157154243
S1-794726235	S2-198654946
S1-843035450	S2-994138477
S1-253294510	S3-159233417
S1-998958364	S2-225874889
S1-478580190	S2-289916682
S1-410429568	S2-461347767
S1-674701261	S2-564778609
S1-239149288	S3-926482327
S1-150949569	S2-853156296
S1-388571578	S3-472888182
S1-638541415	S3-571958778
S1-76085522	S3-728790600
S1-986466814	S3-522923675
S1-14359427	S2-514175629
S1-835246502	S2-959303087
S1-127952019	S3-177522372
S1-211346225	S2-521538279
S1-908003905	S3-164365759
S1-983732083	S2-573896895
S1-707501317	S3-944670983
S1-735476620	S2-518256068
S1-407513462	S2-709538561
S1-229240857	S3-448115142
S1-454741890	S2-956146264
S1-600694065	S2-457018884
